{"entities":{"50a355a1-853c-4d61-a29a-2a8ee92da160":{"enabled":true,"tags":[],"children":["44987353-41b5-460a-a7d5-a47202c125f2","33bc13db-9a11-4ab7-9d78-ec9f2bf2e6b4"],"position":[0,0,0],"rotation":[0,0,0],"scale":[0.01,0.01,0.01],"resource_id":"50a355a1-853c-4d61-a29a-2a8ee92da160","name":"RootNode","components":{},"parent":null},"44987353-41b5-460a-a7d5-a47202c125f2":{"enabled":true,"tags":[],"children":[],"position":[0.0000705719,-0.0000038147,-0.000264645],"rotation":[-90,0,0],"scale":[1,1,1],"resource_id":"44987353-41b5-460a-a7d5-a47202c125f2","name":"canvas","components":{"render":{"enabled":true,"type":"asset","asset":196833025,"materialAssets":[196833020],"layers":[0],"batchGroupId":null,"castShadows":true,"castShadowsLightmap":true,"receiveShadows":true,"lightmapped":false,"lightmapSizeMultiplier":1,"castShadowsLightMap":true,"lightMapped":false,"lightMapSizeMultiplier":1,"isStatic":false,"rootBone":null}},"parent":"50a355a1-853c-4d61-a29a-2a8ee92da160"},"33bc13db-9a11-4ab7-9d78-ec9f2bf2e6b4":{"enabled":true,"tags":[],"children":[],"position":[0.0000705719,-0.0000038147,-0.000264645],"rotation":[-90,0,0],"scale":[1,1,1],"resource_id":"33bc13db-9a11-4ab7-9d78-ec9f2bf2e6b4","name":"play","components":{"render":{"enabled":true,"type":"asset","asset":196833024,"materialAssets":[196833036],"layers":[0],"batchGroupId":null,"castShadows":true,"castShadowsLightmap":true,"receiveShadows":true,"lightmapped":false,"lightmapSizeMultiplier":1,"castShadowsLightMap":true,"lightMapped":false,"lightMapSizeMultiplier":1,"isStatic":false,"rootBone":null}},"parent":"50a355a1-853c-4d61-a29a-2a8ee92da160"}}}