{"name":"Augmented Reality Scene","created":"2022-09-20T14:37:07.603Z","settings":{"physics":{"gravity":[0,-9.8,0]},"render":{"lightmapFilterRange":10,"fog_end":1000,"lightmapFilterEnabled":false,"ambientBake":false,"tonemapping":0,"lightingAreaLightsEnabled":false,"lightingShadowType":0,"ambientBakeOcclusionContrast":0,"skybox":196833037,"lightingCookieAtlasResolution":2048,"fog_density":0.01,"lightmapFilterSmoothness":0.2,"gamma_correction":1,"exposure":1,"lightingShadowsEnabled":true,"fog_start":1,"skyboxIntensity":1,"global_ambient":[0.2,0.2,0.2],"ambientBakeNumSamples":1,"fog_color":[0,0,0],"lightingCells":[10,3,10],"lightmapMode":1,"lightingCookiesEnabled":false,"clusteredLightingEnabled":false,"ambientBakeSpherePart":0.4,"fog":"none","ambientBakeOcclusionBrightness":0,"lightmapMaxResolution":2048,"lightingMaxLightsPerCell":255,"lightingShadowAtlasResolution":2048,"skyboxMip":1,"lightmapSizeMultiplier":16,"skyboxRotation":[0,0,0],"skyType":"infinite","skyMeshPosition":[0,0,0],"skyMeshRotation":[0,0,0],"skyMeshScale":[100,100,100],"skyCenter":[0,0.1,0]}},"entities":{"b3f8f03a-38f1-11ed-8e53-bac1f4b5372f":{"position":[0,0,0],"scale":[1,1,1],"name":"Root","parent":null,"resource_id":"b3f8f03a-38f1-11ed-8e53-bac1f4b5372f","components":{"script":{"enabled":true,"order":["augmentedRealityManager"],"scripts":{"augmentedRealityManager":{"enabled":true,"attributes":{"spaceType":"local-floor","defaultCameraEntity":"35245bd1-f48e-4a12-8b2e-ddedf76bb8a4","arCameraEntity":"b3f8f1d4-38f1-11ed-8e53-bac1f4b5372f","useLightEstimation":true,"useHitTest":true,"useInput":true}}}}},"rotation":[0,0,0],"tags":[],"enabled":true,"children":["35245bd1-f48e-4a12-8b2e-ddedf76bb8a4","b3f8f1d4-38f1-11ed-8e53-bac1f4b5372f","b3f8f2ec-38f1-11ed-8e53-bac1f4b5372f","b3f8f4cc-38f1-11ed-8e53-bac1f4b5372f","7e64b99f-6599-40f3-a8cf-c519886c227d","562d97fe-b60a-4b3d-bd9f-4f3bbace2802","d3cb19c1-8945-4109-b6f5-1c4e0a530a09"]},"35245bd1-f48e-4a12-8b2e-ddedf76bb8a4":{"name":"Default Camera","tags":[],"enabled":true,"resource_id":"35245bd1-f48e-4a12-8b2e-ddedf76bb8a4","parent":"b3f8f03a-38f1-11ed-8e53-bac1f4b5372f","children":[],"position":[6.849680237015189,3.101300632420026,4.446496832979796],"rotation":[-6.997785778160126,59.000003720541365,1.0235477104889726e-7],"scale":[1,1,1],"components":{"script":{"enabled":true,"order":["orbitCamera","touchInput","mouseInput","keyboardInput"],"scripts":{"orbitCamera":{"enabled":true,"attributes":{"distanceMin":0,"distanceMax":0,"pitchAngleMin":-90,"pitchAngleMax":90,"focusEntity":null,"frameOnStart":true,"inertiaFactor":0.2,"autoRender":true}},"touchInput":{"enabled":true,"attributes":{"orbitSensitivity":0.4,"distanceSensitivity":0.2}},"mouseInput":{"enabled":true,"attributes":{"orbitSensitivity":0.3,"distanceSensitivity":0.18}},"keyboardInput":{"enabled":true,"attributes":{}}}},"camera":{"enabled":true,"clearColorBuffer":true,"clearColor":[0.20392156862745098,0.28627450980392155,0.3686274509803922,1],"clearDepthBuffer":true,"projection":0,"fov":45,"frustumCulling":true,"orthoHeight":4,"nearClip":0.1,"farClip":1000,"priority":1,"rect":[0,0,1,1],"layers":[0,1,2,3,4]}}},"b3f8f1d4-38f1-11ed-8e53-bac1f4b5372f":{"name":"AR Camera","tags":[],"enabled":true,"resource_id":"b3f8f1d4-38f1-11ed-8e53-bac1f4b5372f","parent":"b3f8f03a-38f1-11ed-8e53-bac1f4b5372f","children":[],"position":[0,0,0],"rotation":[0,0,0],"scale":[1,1,1],"components":{"camera":{"enabled":true,"clearColorBuffer":true,"clearColor":[0,0,0,0],"clearDepthBuffer":true,"projection":0,"fov":60,"frustumCulling":true,"orthoHeight":4,"nearClip":0.1,"farClip":1000,"priority":0,"rect":[0,0,1,1],"layers":[0,1,3,4]}}},"b3f8f2ec-38f1-11ed-8e53-bac1f4b5372f":{"position":[2,2,-2],"scale":[1,1,1],"name":"Light","parent":"b3f8f03a-38f1-11ed-8e53-bac1f4b5372f","resource_id":"b3f8f2ec-38f1-11ed-8e53-bac1f4b5372f","components":{"light":{"castShadows":true,"isStatic":true,"vsmBlurSize":11,"shadowUpdateMode":2,"normalOffsetBias":0.1,"color":[0.8627450980392157,0.6980392156862745,0.4235294117647059],"bakeArea":0,"numCascades":2,"outerConeAngle":45,"bakeNumSamples":1,"affectDynamic":true,"intensity":1,"bakeDir":true,"cookieAngle":0,"affectLightmapped":false,"cookieChannel":"rgb","innerConeAngle":40,"shadowBias":0.2,"bake":false,"falloffMode":0,"cookieAsset":null,"vsmBias":0.01,"layers":[0],"cookieIntensity":1,"cascadeDistribution":0.5,"cookieOffset":[0,0],"shadowResolution":2048,"cookieScale":[1,1],"enabled":true,"shape":0,"range":8,"vsmBlurMode":1,"shadowDistance":20,"type":"directional","cookieFalloff":true,"shadowType":0,"shadowIntensity":0.34},"script":{"enabled":true,"order":["lightEstimationLight"],"scripts":{"lightEstimationLight":{"enabled":true,"attributes":{"updateIntensity":true,"updateColor":true,"updateRotation":true,"maxIntensity":2}}}}},"rotation":[-108.80708042005303,-72.53611991045197,-179.9999968217156],"tags":[],"enabled":true,"children":[]},"b3f8f4cc-38f1-11ed-8e53-bac1f4b5372f":{"position":[0,0,0],"scale":[20,1,20],"name":"Non-AR Plane","parent":"b3f8f03a-38f1-11ed-8e53-bac1f4b5372f","resource_id":"b3f8f4cc-38f1-11ed-8e53-bac1f4b5372f","components":{"render":{"isStatic":false,"castShadows":true,"castShadowsLightmap":true,"rootBone":null,"lightmapped":false,"batchGroupId":null,"layers":[0],"receiveShadows":true,"enabled":true,"asset":null,"materialAssets":[196833054],"type":"plane","lightmapSizeMultiplier":1},"script":{"enabled":true,"order":["entityEnableOnAr"],"scripts":{"entityEnableOnAr":{"enabled":true,"attributes":{"enableOnDefault":true,"enableOnAR":"disabled"}}}}},"rotation":[0,0,0],"tags":[],"enabled":true,"children":[]},"7e64b99f-6599-40f3-a8cf-c519886c227d":{"name":"AR Positioner","tags":[],"enabled":true,"resource_id":"7e64b99f-6599-40f3-a8cf-c519886c227d","parent":"b3f8f03a-38f1-11ed-8e53-bac1f4b5372f","children":["bba15e56-0002-4f2e-80b5-be4e75787eca","f2ede4ac-35b2-49af-8c9f-a7396c07fac4"],"position":[0,0,0],"rotation":[0,0,0],"scale":[1,1,1],"components":{"script":{"enabled":true,"order":["entityPositioner"],"scripts":{"entityPositioner":{"enabled":true,"attributes":{"defaultDistance":2,"targetEntity":"bba15e56-0002-4f2e-80b5-be4e75787eca","pointerPreviewEntity":"f2ede4ac-35b2-49af-8c9f-a7396c07fac4","useInput":true,"scaleSensitivity":-2000}}}}}},"bba15e56-0002-4f2e-80b5-be4e75787eca":{"name":"Model","tags":[],"enabled":true,"resource_id":"bba15e56-0002-4f2e-80b5-be4e75787eca","parent":"7e64b99f-6599-40f3-a8cf-c519886c227d","children":["5df1574a-e430-4c8b-9044-ff0a2b66c164","cf8c997b-013d-4128-a92b-91065bf7f9c5"],"position":[0,0,0],"rotation":[0,0,0],"scale":[1,1,1],"components":{}},"5df1574a-e430-4c8b-9044-ff0a2b66c164":{"name":"AR Shadow Catcher","tags":[],"enabled":true,"resource_id":"5df1574a-e430-4c8b-9044-ff0a2b66c164","parent":"bba15e56-0002-4f2e-80b5-be4e75787eca","children":[],"position":[0,-0.01,0],"rotation":[0,-7.01670930138967e-15,0],"scale":[10,1,10],"components":{"render":{"enabled":true,"type":"plane","asset":null,"materialAssets":[196833062],"layers":[0],"batchGroupId":null,"castShadows":false,"castShadowsLightmap":false,"receiveShadows":true,"lightmapped":false,"lightmapSizeMultiplier":1,"castShadowsLightMap":true,"lightMapped":false,"lightMapSizeMultiplier":1,"isStatic":false,"rootBone":null},"script":{"enabled":true,"order":["shadowCatcher","entityEnableOnAr"],"scripts":{"shadowCatcher":{"enabled":true,"attributes":{"material":196833062}},"entityEnableOnAr":{"enabled":true,"attributes":{"enableOnDefault":false,"enableOnAR":"always"}}}}},"template_id":196833018,"template_ent_ids":{"5df1574a-e430-4c8b-9044-ff0a2b66c164":"ec25d3f9-9d6c-439c-b043-adf89a3f6e64"}},"cf8c997b-013d-4128-a92b-91065bf7f9c5":{"name":"3D Screen","tags":[],"enabled":false,"resource_id":"cf8c997b-013d-4128-a92b-91065bf7f9c5","parent":"bba15e56-0002-4f2e-80b5-be4e75787eca","children":["84c18e12-b4f4-4d7d-80e5-894b842fa66a","c90e1887-9c29-41e9-a00b-7f3b93659926"],"position":[0,0,0],"rotation":[0,0,0],"scale":[0.01,0.01,0.01],"components":{"screen":{"enabled":true,"screenSpace":false,"scaleMode":"blend","scaleBlend":0.5,"resolution":[1280,720],"referenceResolution":[1280,720],"priority":0}}},"84c18e12-b4f4-4d7d-80e5-894b842fa66a":{"name":"Button-Rotate-Left","tags":[],"enabled":true,"resource_id":"84c18e12-b4f4-4d7d-80e5-894b842fa66a","parent":"cf8c997b-013d-4128-a92b-91065bf7f9c5","children":["cf3e83f3-f036-4b77-b53a-ff36a3249817"],"position":[-19.999998807907104,5.840000137686729,37.233525189639764],"rotation":[-55,8,0],"scale":[1,1,1],"components":{"button":{"enabled":true,"active":true,"imageEntity":"84c18e12-b4f4-4d7d-80e5-894b842fa66a","hitPadding":[0,0,0,0],"transitionMode":0,"hoverTint":[0.35294117647058826,0.35294117647058826,0.35294117647058826,0.9176470588235294],"pressedTint":[0.5686274509803921,0.5686274509803921,0.5686274509803921,1],"inactiveTint":[0,0,0,0.11764705882352941],"fadeDuration":0,"hoverSpriteAsset":null,"hoverSpriteFrame":0,"pressedSpriteAsset":null,"pressedSpriteFrame":0,"inactiveSpriteAsset":null,"inactiveSpriteFrame":0,"hoverTextureAsset":null,"pressedTextureAsset":null,"inactiveTextureAsset":null},"element":{"enabled":true,"type":"image","anchor":[0.5,0.5,0.5,0.5],"pivot":[0.5,0.5],"text":"","key":null,"fontAsset":196833057,"fontSize":32,"minFontSize":8,"maxFontSize":32,"autoFitWidth":false,"autoFitHeight":false,"maxLines":null,"lineHeight":32,"wrapLines":true,"spacing":1,"color":[0.15294117647058825,0.15294117647058825,0.15294117647058825],"opacity":0.7,"textureAsset":null,"spriteAsset":null,"spriteFrame":0,"pixelsPerUnit":null,"width":20,"height":20,"margin":[-30,-4.16,10,-15.84],"alignment":[0.5,0.5],"outlineColor":[0,0,0,1],"outlineThickness":0,"shadowColor":[0,0,0,1],"shadowOffset":[0,0],"rect":[0,0,1,1],"materialAsset":null,"autoWidth":false,"autoHeight":false,"fitMode":"stretch","useInput":true,"batchGroupId":null,"mask":false,"layers":[0],"enableMarkup":false},"script":{"enabled":true,"order":["btnRotator"],"scripts":{"btnRotator":{"enabled":true,"attributes":{"targetEntity":null,"speed":-1}}}}}},"cf3e83f3-f036-4b77-b53a-ff36a3249817":{"name":"Text","tags":[],"enabled":true,"resource_id":"cf3e83f3-f036-4b77-b53a-ff36a3249817","parent":"84c18e12-b4f4-4d7d-80e5-894b842fa66a","children":[],"position":[20,20,0.24184843842410242],"rotation":[0,0,0],"scale":[1,1,1],"components":{"element":{"enabled":true,"type":"text","anchor":[0,0,1,1],"pivot":[0.5,0.5],"text":"<","key":null,"fontAsset":196833057,"fontSize":32,"minFontSize":8,"maxFontSize":15,"autoFitWidth":true,"autoFitHeight":true,"maxLines":null,"lineHeight":10,"wrapLines":true,"spacing":1,"color":[1,1,1],"opacity":1,"textureAsset":null,"spriteAsset":null,"spriteFrame":0,"pixelsPerUnit":null,"width":32,"height":32,"margin":[0,0,0,0],"alignment":[0.5,0.5],"outlineColor":[0,0,0,1],"outlineThickness":0,"shadowColor":[0,0,0,1],"shadowOffset":[0,0],"rect":[0,0,1,1],"materialAsset":null,"autoWidth":false,"autoHeight":false,"fitMode":"stretch","useInput":false,"batchGroupId":null,"mask":false,"layers":[0],"enableMarkup":false}}},"c90e1887-9c29-41e9-a00b-7f3b93659926":{"name":"Button-Rotate-Right","tags":[],"enabled":true,"resource_id":"c90e1887-9c29-41e9-a00b-7f3b93659926","parent":"cf8c997b-013d-4128-a92b-91065bf7f9c5","children":["6cbc4624-f5d3-4b0f-9c8b-6b754b387ea2"],"position":[19.999998807907104,5.840000137686729,37.233525189639764],"rotation":[-55.00000008091491,-8,8.166289362178939e-16],"scale":[1,1,1],"components":{"button":{"enabled":true,"active":true,"imageEntity":"c90e1887-9c29-41e9-a00b-7f3b93659926","hitPadding":[0,0,0,0],"transitionMode":0,"hoverTint":[0.35294117647058826,0.35294117647058826,0.35294117647058826,0.9176470588235294],"pressedTint":[0.5686274509803921,0.5686274509803921,0.5686274509803921,1],"inactiveTint":[0,0,0,0.11764705882352941],"fadeDuration":0,"hoverSpriteAsset":null,"hoverSpriteFrame":0,"pressedSpriteAsset":null,"pressedSpriteFrame":0,"inactiveSpriteAsset":null,"inactiveSpriteFrame":0,"hoverTextureAsset":null,"pressedTextureAsset":null,"inactiveTextureAsset":null},"element":{"enabled":true,"type":"image","anchor":[0.5,0.5,0.5,0.5],"pivot":[0.5,0.5],"text":"","key":null,"fontAsset":196833057,"fontSize":32,"minFontSize":8,"maxFontSize":32,"autoFitWidth":false,"autoFitHeight":false,"maxLines":null,"lineHeight":32,"wrapLines":true,"spacing":1,"color":[0.15294117647058825,0.15294117647058825,0.15294117647058825],"opacity":0.7,"textureAsset":null,"spriteAsset":null,"spriteFrame":0,"pixelsPerUnit":null,"width":20,"height":20,"margin":[10,-4.16,-30,-15.84],"alignment":[0.5,0.5],"outlineColor":[0,0,0,1],"outlineThickness":0,"shadowColor":[0,0,0,1],"shadowOffset":[0,0],"rect":[0,0,1,1],"materialAsset":null,"autoWidth":false,"autoHeight":false,"fitMode":"stretch","useInput":true,"batchGroupId":null,"mask":false,"layers":[0],"enableMarkup":false},"script":{"enabled":true,"order":["btnRotator"],"scripts":{"btnRotator":{"enabled":true,"attributes":{"targetEntity":null,"speed":1}}}}}},"6cbc4624-f5d3-4b0f-9c8b-6b754b387ea2":{"name":"Text","tags":[],"enabled":true,"resource_id":"6cbc4624-f5d3-4b0f-9c8b-6b754b387ea2","parent":"c90e1887-9c29-41e9-a00b-7f3b93659926","children":[],"position":[20,20,0.4698975192849778],"rotation":[0,0,0],"scale":[1,1,1],"components":{"element":{"enabled":true,"type":"text","anchor":[0,0,1,1],"pivot":[0.5,0.5],"text":">","key":null,"fontAsset":196833057,"fontSize":32,"minFontSize":8,"maxFontSize":15,"autoFitWidth":true,"autoFitHeight":true,"maxLines":null,"lineHeight":10,"wrapLines":true,"spacing":1,"color":[1,1,1],"opacity":1,"textureAsset":null,"spriteAsset":null,"spriteFrame":0,"pixelsPerUnit":null,"width":100,"height":100,"margin":[0,0,0,0],"alignment":[0.5,0.5],"outlineColor":[0,0,0,1],"outlineThickness":0,"shadowColor":[0,0,0,1],"shadowOffset":[0,0],"rect":[0,0,1,1],"materialAsset":null,"autoWidth":false,"autoHeight":false,"fitMode":"stretch","useInput":false,"batchGroupId":null,"mask":false,"layers":[0],"enableMarkup":false}}},"f2ede4ac-35b2-49af-8c9f-a7396c07fac4":{"name":"Pointer Preview","tags":[],"enabled":true,"resource_id":"f2ede4ac-35b2-49af-8c9f-a7396c07fac4","parent":"7e64b99f-6599-40f3-a8cf-c519886c227d","children":[],"position":[0,0.009999999776482582,0],"rotation":[0,0,0],"scale":[1,1,1],"components":{"render":{"enabled":true,"type":"plane","asset":null,"materialAssets":[196833078],"layers":[0],"batchGroupId":null,"castShadows":false,"castShadowsLightmap":false,"receiveShadows":false,"lightmapped":false,"lightmapSizeMultiplier":1,"castShadowsLightMap":true,"lightMapped":false,"lightMapSizeMultiplier":1,"isStatic":false,"rootBone":null}}},"562d97fe-b60a-4b3d-bd9f-4f3bbace2802":{"name":"2D Screen","tags":[],"enabled":true,"resource_id":"562d97fe-b60a-4b3d-bd9f-4f3bbace2802","parent":"b3f8f03a-38f1-11ed-8e53-bac1f4b5372f","children":["4633842c-ace8-4e47-b97e-e0cc841aa592","9da0ded8-16c3-4a99-815a-c49cc9fe9ce2"],"position":[0,8,0],"rotation":[0,0,0],"scale":[1,1,1],"components":{"screen":{"enabled":true,"screenSpace":true,"scaleMode":"blend","scaleBlend":0.5,"resolution":[1280,720],"referenceResolution":[1280,720],"priority":0}}},"4633842c-ace8-4e47-b97e-e0cc841aa592":{"name":"Button-AR","tags":[],"enabled":true,"resource_id":"4633842c-ace8-4e47-b97e-e0cc841aa592","parent":"562d97fe-b60a-4b3d-bd9f-4f3bbace2802","children":["00c32c3b-aeda-45d9-ba7b-0796ca88c124"],"position":[10,10,0],"rotation":[0,0,0],"scale":[1,1,1],"components":{"button":{"enabled":true,"active":true,"imageEntity":"4633842c-ace8-4e47-b97e-e0cc841aa592","hitPadding":[0,0,0,0],"transitionMode":0,"hoverTint":[0.35294117647058826,0.35294117647058826,0.35294117647058826,0.9176470588235294],"pressedTint":[0.5686274509803921,0.5686274509803921,0.5686274509803921,1],"inactiveTint":[0.2235294117647059,0.2235294117647059,0.2235294117647059,0.19607843137254902],"fadeDuration":0,"hoverSpriteAsset":null,"hoverSpriteFrame":0,"pressedSpriteAsset":null,"pressedSpriteFrame":0,"inactiveSpriteAsset":null,"inactiveSpriteFrame":0,"hoverTextureAsset":null,"pressedTextureAsset":null,"inactiveTextureAsset":null},"element":{"enabled":true,"type":"image","anchor":[0,0,0,0],"pivot":[0,0],"text":"","key":null,"fontAsset":196833057,"fontSize":32,"minFontSize":8,"maxFontSize":32,"autoFitWidth":false,"autoFitHeight":false,"maxLines":null,"lineHeight":32,"wrapLines":true,"spacing":1,"color":[0.15294117647058825,0.15294117647058825,0.15294117647058825],"opacity":0.7,"textureAsset":null,"spriteAsset":null,"spriteFrame":0,"pixelsPerUnit":null,"width":140,"height":140,"margin":[10,10,-150,-150],"alignment":[0.5,0.5],"outlineColor":[0,0,0,1],"outlineThickness":0,"shadowColor":[0,0,0,1],"shadowOffset":[0,0],"rect":[0,0,1,1],"materialAsset":null,"autoWidth":false,"autoHeight":false,"fitMode":"stretch","useInput":true,"batchGroupId":null,"mask":false,"layers":[4],"enableMarkup":false},"script":{"enabled":true,"order":["btnAr"],"scripts":{"btnAr":{"enabled":true,"attributes":{}}}}}},"00c32c3b-aeda-45d9-ba7b-0796ca88c124":{"name":"Text","tags":[],"enabled":true,"resource_id":"00c32c3b-aeda-45d9-ba7b-0796ca88c124","parent":"4633842c-ace8-4e47-b97e-e0cc841aa592","children":[],"position":[0,0,0],"rotation":[0,0,0],"scale":[1,1,1],"components":{"element":{"enabled":true,"type":"text","anchor":[0,0,1,1],"pivot":[0.5,0.5],"text":"AR toggle","key":null,"fontAsset":196833057,"fontSize":32,"minFontSize":8,"maxFontSize":28,"autoFitWidth":true,"autoFitHeight":true,"maxLines":null,"lineHeight":32,"wrapLines":true,"spacing":1,"color":[1,1,1],"opacity":1,"textureAsset":null,"spriteAsset":null,"spriteFrame":0,"pixelsPerUnit":null,"width":32,"height":32,"margin":[0,0,0,0],"alignment":[0.5,0.5],"outlineColor":[0,0,0,1],"outlineThickness":0,"shadowColor":[0,0,0,0],"shadowOffset":[0.5,-0.5],"rect":[0,0,1,1],"materialAsset":null,"autoWidth":false,"autoHeight":false,"fitMode":"stretch","useInput":false,"batchGroupId":null,"mask":false,"layers":[4],"enableMarkup":false}}},"9da0ded8-16c3-4a99-815a-c49cc9fe9ce2":{"name":"MessageGroup","tags":[],"enabled":true,"resource_id":"9da0ded8-16c3-4a99-815a-c49cc9fe9ce2","parent":"562d97fe-b60a-4b3d-bd9f-4f3bbace2802","children":["238bb3e9-11b6-4c63-8e4a-3677ed1b4beb"],"position":[0,200,0],"rotation":[0,0,0],"scale":[1,1,1],"components":{"element":{"enabled":true,"type":"group","anchor":[0.5,0,0.5,0],"pivot":[0.5,1],"text":"","key":null,"fontAsset":196833057,"fontSize":32,"minFontSize":8,"maxFontSize":32,"autoFitWidth":false,"autoFitHeight":false,"maxLines":null,"lineHeight":32,"wrapLines":true,"spacing":1,"color":[1,1,1],"opacity":1,"textureAsset":null,"spriteAsset":null,"spriteFrame":0,"pixelsPerUnit":null,"width":300,"height":200,"margin":[-150,0,-150,-200],"alignment":[0.5,0.5],"outlineColor":[0,0,0,1],"outlineThickness":0,"shadowColor":[0,0,0,1],"shadowOffset":[0,0],"rect":[0,0,1,1],"materialAsset":null,"autoWidth":false,"autoHeight":false,"fitMode":"stretch","useInput":false,"batchGroupId":null,"mask":false,"layers":[4],"enableMarkup":false}}},"238bb3e9-11b6-4c63-8e4a-3677ed1b4beb":{"name":"MessageText","tags":[],"enabled":true,"resource_id":"238bb3e9-11b6-4c63-8e4a-3677ed1b4beb","parent":"9da0ded8-16c3-4a99-815a-c49cc9fe9ce2","children":[],"position":[200,50,0],"rotation":[0,0,0],"scale":[1,1,1],"components":{"element":{"enabled":true,"type":"text","anchor":[0,0,1,1],"pivot":[0.5,0.5],"text":"","key":null,"fontAsset":196833057,"fontSize":32,"minFontSize":8,"maxFontSize":32,"autoFitWidth":true,"autoFitHeight":true,"maxLines":null,"lineHeight":32,"wrapLines":true,"spacing":1,"color":[1,1,1],"opacity":1,"textureAsset":null,"spriteAsset":null,"spriteFrame":0,"pixelsPerUnit":null,"width":400,"height":200,"margin":[0,0,0,0],"alignment":[0.5,0.5],"outlineColor":[0,0,0,1],"outlineThickness":0.58,"shadowColor":[0,0,0,0.13725490196078433],"shadowOffset":[0,0],"rect":[0,0,1,1],"materialAsset":null,"autoWidth":false,"autoHeight":false,"fitMode":"stretch","useInput":false,"batchGroupId":null,"mask":false,"layers":[4],"enableMarkup":false},"script":{"enabled":true,"order":["txtArMessages"],"scripts":{"txtArMessages":{"enabled":true,"attributes":{}}}}}},"d3cb19c1-8945-4109-b6f5-1c4e0a530a09":{"enabled":true,"tags":[],"children":["0b990ae3-9e01-4590-aad3-9e0247d2bfa2","564e0b16-bbe4-420e-b581-10653a63240a"],"position":[0,0,0],"rotation":[0,0,0],"scale":[0.005,0.05,0.05],"resource_id":"d3cb19c1-8945-4109-b6f5-1c4e0a530a09","name":"characterMedium","components":{"anim":{"stateGraphAsset":196833694,"animationAssets":{"Base:Initial State":{"asset":196833609}},"enabled":true,"speed":1,"activate":true,"playing":false,"rootBone":null,"masks":{},"normalizeWeights":false}},"parent":"b3f8f03a-38f1-11ed-8e53-bac1f4b5372f","template_ent_ids":{"d3cb19c1-8945-4109-b6f5-1c4e0a530a09":"a9fd4062-c413-4608-8c65-be6e52281bbf","0b990ae3-9e01-4590-aad3-9e0247d2bfa2":"01b32c7f-611e-47e4-be32-299067ac0762","6884d0bb-3d36-40e3-a781-62ad224c1ec8":"262dff77-9c63-4380-aca0-78bfcaeb0f1a","30d9ac91-d9be-4e40-8122-f17de1944cb8":"3cc1bf40-733b-461b-81de-39b2dfaa72e2","b2b89b37-005c-42ee-af50-636fd900210b":"bbeaa546-9a89-4b47-a0ce-bcb210f0b6e1","1f61cd4c-80e1-4e85-bf9a-fc606a6e34d4":"48bdf46e-c87c-41f9-ad65-c67f781c92b1","d0626dc7-243a-4bc0-8a7e-32b491e7c9ea":"7d3d3357-cd4d-4164-8cbf-e33df50ad1f9","4a21b36f-44c7-4faa-9536-1a46e915e5f0":"72d209fd-0111-4b6e-84c3-77a8c34d2cba","f160efca-bcf6-4de9-aed1-69fd581d9f09":"214ac95f-8cde-42e6-a1d4-4b8499d37dbf","d8a0f0ed-6a41-4763-a904-79da54287c74":"012456eb-95f8-4171-a0f2-1f914e3f5c0f","1118066d-7c44-45e7-9794-ddd4e2ec3b96":"31ba4f53-ccb4-4d6b-b591-6c6b46975505","98471ae2-ad5a-43fb-b4a9-cbf72d31b45a":"70bba1d9-e26f-4c5f-89ac-67a3ef87a817","93b3a73f-f2c8-4d8f-a1e0-766ba006f891":"d171115f-e3f6-4236-acd9-e32a2f82a0c1","8ae60457-43a7-46be-bd74-d981addc5d9c":"be74f61e-8e23-4d4b-ba97-46ef356bfa7e","f237b40c-2a6b-442b-bf32-8e8bce1e4a02":"304cf42f-0c25-44c8-83db-6e5a7a7d22f9","a35fca2c-fee1-497d-aec1-0152cf9e6b41":"4fa40640-b8ad-423a-b454-0e6e221aa076","e7a57795-0230-4eaf-b925-adb377216b15":"34fc62e6-a5a1-4006-9348-ef8e56d47538","a0d93a69-1fa4-429b-a217-867ca77dfbf9":"5301cf58-8411-4909-9534-1c18eb5143c7","8c9cac96-45bc-49d8-bc70-16ec8c51713f":"72e5d7fa-acc4-4970-b7fe-a430c7528ad1","e98b98a7-a97a-4c5b-a24a-234268b64612":"e7f8b95e-923a-4d5a-a9f3-7208cecae19e","bf049c93-a25d-49fe-9808-df5e5b7135ab":"ed495ae5-c84f-4acd-ad2d-c94e5072d54e","cdf50fe4-18e9-4aea-adab-12674d81c98a":"160ae372-488a-4920-b3b2-344becc2bebd","d125485f-8a14-4673-867b-9b569fd14ed2":"35069bdb-193e-424a-9a94-13028e2e7e67","8e77ea93-c8df-491e-b090-a1d57ae1d3a5":"0af7d9e4-9217-4e67-80e6-1f42ed452062","44255023-7f0f-4b14-bc69-015a644e5041":"182fe310-7629-4c88-9cdb-85d8bff7a07a","3eec05cf-60c1-44fc-8c8f-6bb25ab083fc":"dde5930a-0862-473b-bf6e-0d05b6522ea7","c8a603af-40d6-4427-8ed8-60e1462ef164":"a6936c82-b625-4ff7-a44c-c916231e6713","f3b483f3-b515-4e88-ae3b-41179a9df299":"f9a04956-3fc3-4510-8c58-99a21758d8bb","240c8bb5-f129-487d-b31c-4119c1433e2e":"12c9b02f-f5ca-4434-8132-f6808e047ead","740c2d1e-d577-4e6a-9275-798f358d5ba4":"943a64f3-89fc-4ce0-8496-35dc0a07b334","3c913010-e2d8-41ee-9efc-db946c15b73e":"9be5413e-d995-4836-a59b-9875df828156","ca29ae36-b102-4f7a-b5f0-aa7d61f7b3b7":"bd53ed45-085e-43ce-9c2d-90e564af46c0","7f5df0be-9357-4d09-b753-6f04ae561228":"5c5701c1-dbce-4c7b-b03d-21e7fa44306b","5175ea48-1ba4-4b17-8794-d35e2ae77bce":"a20944fa-5b2c-4c04-9027-c4fdb78725b1","7dd7dae4-fdbf-415a-9c26-1d87114a2260":"52db7679-6aed-4549-87bb-a9c9b3ec35d7","a00d4e75-a602-47d3-8ef5-d17174774b72":"3eee70b0-bba0-42ca-a686-b51d7a1acffd","46defe73-5154-477c-a178-03fb35f637f8":"2e5aa692-cccb-4d53-a5bc-abbf8208d369","52762aa2-63ba-442d-8aaf-b47e6cb7be79":"a4a25414-a634-4d4d-ae9c-604b2b1f853c","7219a118-daf8-40cb-9318-65c119003ed3":"aeb54d44-1df8-4dc4-b17a-e0d207194050","726fe8c8-7ada-47eb-9666-812ca10be8e2":"9bcacac7-514d-405f-a62a-ba8355c0dadf","194ab2a1-cf1d-465a-aa17-4e5ffc9e2986":"7ee77fa4-6ea9-4739-85cb-13ec675a828a","f1ce8a7b-3e80-4e49-a95c-7310f06e2cc3":"7ada35c4-2ccc-4942-b9ed-76b43c19603a","fdeaa750-15ae-4c9c-8aa4-6f982b92c338":"e9760492-7c2c-4ffd-b410-6095a75dd01a","d98c81a6-da21-4d19-bc25-37a5e25c9740":"740128f5-1db7-414c-a7ed-b5d4d2d1c17c","f299747e-a367-4c88-8ba2-f4dcf661ca9d":"296e2af6-6e24-4238-a81f-a41858bff113","afc83abe-7cb3-4dad-8274-ec76441efc94":"dca51afd-5a4f-4e5a-b880-41bd46e087c5","6218a63b-069f-4a12-a47c-f605da968a88":"31cfc89c-d9d1-4dc1-b9a2-9308ee672b05","f20c8210-b78b-4a03-95fa-1ae142d6bf0a":"daf8f867-10e9-4e0c-9fb6-a240b04a332a","0c3b548f-ce21-4959-9c9a-c0515712219f":"de1cc85b-6919-4f8d-bf3d-8b0dbfe07291","a7b46ba5-775c-49fd-90d8-b7920aa58580":"8fca937c-1df0-4542-8739-1b136b06ada0","db51a5d0-82b1-4175-a670-6950b7c8e128":"82179e11-b32f-4f55-8f00-509a230413e0","b61a3911-8ffa-4c4c-b960-8983308b8dc7":"983eb8c9-28dc-400c-8c69-0fb31e55eb9a","ea757aca-e2f3-4987-b950-c351e61a9e95":"fbc34692-1b77-4b3c-a940-1b6d5a0bdf90","638f393e-f7b9-4bc3-ac56-bc0420b8534d":"260af9c7-64b6-4e40-8670-71a6e93faa5f","37e4340a-952d-426f-b981-480c37774450":"dc1c05d8-3312-495c-b698-c2bc2b9c72e5","43cd7640-5a6d-4fc9-8a43-fac5e18112c1":"45682935-0705-40e6-addc-0c333694dda9","decdb00e-59bb-463c-94ac-a027a357d442":"aeeebbec-c4df-4c13-95b6-17451fae5132","de874a9a-e7b7-4d40-a3e2-a9b026790072":"00b008ba-f3b3-4d61-99d7-de81eb6c63a8","68546bf3-b37c-4157-bcbc-76d739d178ea":"493c1db0-9ef6-4cd7-9c35-99051d7b0213","eab4935b-f99b-4d77-87a5-a53fbba819d1":"7bbf95b6-e9b6-4ef8-90a1-dd9beaa83228","564e0b16-bbe4-420e-b581-10653a63240a":"42197450-4007-4bb9-9cfd-f5c94cce3249"},"template_id":196833270},"0b990ae3-9e01-4590-aad3-9e0247d2bfa2":{"enabled":true,"tags":[],"children":["6884d0bb-3d36-40e3-a781-62ad224c1ec8","98471ae2-ad5a-43fb-b4a9-cbf72d31b45a","bf049c93-a25d-49fe-9808-df5e5b7135ab"],"position":[0,0,0],"rotation":[-90,0,0],"scale":[100,100,100],"resource_id":"0b990ae3-9e01-4590-aad3-9e0247d2bfa2","name":"Root","components":{},"parent":"d3cb19c1-8945-4109-b6f5-1c4e0a530a09"},"6884d0bb-3d36-40e3-a781-62ad224c1ec8":{"enabled":true,"tags":[],"children":["30d9ac91-d9be-4e40-8122-f17de1944cb8","4a21b36f-44c7-4faa-9536-1a46e915e5f0","d8a0f0ed-6a41-4763-a904-79da54287c74"],"position":[0.204209,0.14881,0.193205],"rotation":[-90,0.00000683019,90],"scale":[1,1,1],"resource_id":"6884d0bb-3d36-40e3-a781-62ad224c1ec8","name":"LeftFootCtrl","components":{},"parent":"0b990ae3-9e01-4590-aad3-9e0247d2bfa2"},"30d9ac91-d9be-4e40-8122-f17de1944cb8":{"enabled":true,"tags":[],"children":["b2b89b37-005c-42ee-af50-636fd900210b"],"position":[0.0708525,0.179901,-0.0222404],"rotation":[0.914955,-91.8185,89.0328],"scale":[1,1,1],"resource_id":"30d9ac91-d9be-4e40-8122-f17de1944cb8","name":"LeftHeelRoll","components":{},"parent":"6884d0bb-3d36-40e3-a781-62ad224c1ec8"},"b2b89b37-005c-42ee-af50-636fd900210b":{"enabled":true,"tags":[],"children":["1f61cd4c-80e1-4e85-bf9a-fc606a6e34d4"],"position":[-0.0286642,0.306933,0.00104253],"rotation":[-0.421636,-1.76941,-168.246],"scale":[0.999998,1,1],"resource_id":"b2b89b37-005c-42ee-af50-636fd900210b","name":"LeftToeRoll","components":{},"parent":"30d9ac91-d9be-4e40-8122-f17de1944cb8"},"1f61cd4c-80e1-4e85-bf9a-fc606a6e34d4":{"enabled":true,"tags":[],"children":["d0626dc7-243a-4bc0-8a7e-32b491e7c9ea"],"position":[-0.00182142,0.241522,0.18005],"rotation":[-142.935,-7.41938,-5.13867],"scale":[1,1,1],"resource_id":"1f61cd4c-80e1-4e85-bf9a-fc606a6e34d4","name":"LeftFootIK","components":{},"parent":"b2b89b37-005c-42ee-af50-636fd900210b"},"d0626dc7-243a-4bc0-8a7e-32b491e7c9ea":{"enabled":true,"tags":[],"children":[],"position":[0,0.301254,0],"rotation":[0,0,0],"scale":[1,1,1],"resource_id":"d0626dc7-243a-4bc0-8a7e-32b491e7c9ea","name":"LeftFootIK_end","components":{},"parent":"1f61cd4c-80e1-4e85-bf9a-fc606a6e34d4"},"4a21b36f-44c7-4faa-9536-1a46e915e5f0":{"enabled":true,"tags":[],"children":["f160efca-bcf6-4de9-aed1-69fd581d9f09"],"position":[1.05442e-8,-5.4259e-8,-1.18629e-10],"rotation":[90,90,0],"scale":[1,1,1],"resource_id":"4a21b36f-44c7-4faa-9536-1a46e915e5f0","name":"LeftFootRollCtrl","components":{},"parent":"6884d0bb-3d36-40e3-a781-62ad224c1ec8"},"f160efca-bcf6-4de9-aed1-69fd581d9f09":{"enabled":true,"tags":[],"children":[],"position":[0,0.292767,0],"rotation":[0,0,0],"scale":[1,1,1],"resource_id":"f160efca-bcf6-4de9-aed1-69fd581d9f09","name":"LeftFootRollCtrl_end","components":{},"parent":"4a21b36f-44c7-4faa-9536-1a46e915e5f0"},"d8a0f0ed-6a41-4763-a904-79da54287c74":{"enabled":true,"tags":[],"children":["1118066d-7c44-45e7-9794-ddd4e2ec3b96"],"position":[-0.617958,-0.586701,0.025887],"rotation":[-180,90,0],"scale":[1,1,1],"resource_id":"d8a0f0ed-6a41-4763-a904-79da54287c74","name":"LeftKneeCtrl","components":{},"parent":"6884d0bb-3d36-40e3-a781-62ad224c1ec8"},"1118066d-7c44-45e7-9794-ddd4e2ec3b96":{"enabled":true,"tags":[],"children":[],"position":[0,0.336816,0],"rotation":[0,0,0],"scale":[1,1,1],"resource_id":"1118066d-7c44-45e7-9794-ddd4e2ec3b96","name":"LeftKneeCtrl_end","components":{},"parent":"d8a0f0ed-6a41-4763-a904-79da54287c74"},"98471ae2-ad5a-43fb-b4a9-cbf72d31b45a":{"enabled":true,"tags":[],"children":["93b3a73f-f2c8-4d8f-a1e0-766ba006f891","e7a57795-0230-4eaf-b925-adb377216b15","8c9cac96-45bc-49d8-bc70-16ec8c51713f"],"position":[-0.20752,0.14881,0.193205],"rotation":[-90,0.00000683019,90],"scale":[1,1,1],"resource_id":"98471ae2-ad5a-43fb-b4a9-cbf72d31b45a","name":"RightFootCtrl","components":{},"parent":"0b990ae3-9e01-4590-aad3-9e0247d2bfa2"},"93b3a73f-f2c8-4d8f-a1e0-766ba006f891":{"enabled":true,"tags":[],"children":["8ae60457-43a7-46be-bd74-d981addc5d9c"],"position":[0.0708526,0.179901,0.0222404],"rotation":[-0.925299,-91.8007,90.8723],"scale":[1,1,1],"resource_id":"93b3a73f-f2c8-4d8f-a1e0-766ba006f891","name":"RightHeelRoll","components":{},"parent":"98471ae2-ad5a-43fb-b4a9-cbf72d31b45a"},"8ae60457-43a7-46be-bd74-d981addc5d9c":{"enabled":true,"tags":[],"children":["f237b40c-2a6b-442b-bf32-8e8bce1e4a02"],"position":[0.0286729,0.306933,-0.000768703],"rotation":[0.315251,-1.77343,168.246],"scale":[0.999993,1,1],"resource_id":"8ae60457-43a7-46be-bd74-d981addc5d9c","name":"RightToeRoll","components":{},"parent":"93b3a73f-f2c8-4d8f-a1e0-766ba006f891"},"f237b40c-2a6b-442b-bf32-8e8bce1e4a02":{"enabled":true,"tags":[],"children":["a35fca2c-fee1-497d-aec1-0152cf9e6b41"],"position":[0.00182141,0.241522,0.18005],"rotation":[-143.172,4.38213,2.84278],"scale":[1,1,1],"resource_id":"f237b40c-2a6b-442b-bf32-8e8bce1e4a02","name":"RightFootIK","components":{},"parent":"8ae60457-43a7-46be-bd74-d981addc5d9c"},"a35fca2c-fee1-497d-aec1-0152cf9e6b41":{"enabled":true,"tags":[],"children":[],"position":[0,0.301254,0],"rotation":[0,0,0],"scale":[1,1,1],"resource_id":"a35fca2c-fee1-497d-aec1-0152cf9e6b41","name":"RightFootIK_end","components":{},"parent":"f237b40c-2a6b-442b-bf32-8e8bce1e4a02"},"e7a57795-0230-4eaf-b925-adb377216b15":{"enabled":true,"tags":[],"children":["a0d93a69-1fa4-429b-a217-867ca77dfbf9"],"position":[-3.0266e-9,-4.64247e-8,-1.1865e-10],"rotation":[90,90,0],"scale":[1,1,1],"resource_id":"e7a57795-0230-4eaf-b925-adb377216b15","name":"RightFootRollCtrl","components":{},"parent":"98471ae2-ad5a-43fb-b4a9-cbf72d31b45a"},"a0d93a69-1fa4-429b-a217-867ca77dfbf9":{"enabled":true,"tags":[],"children":[],"position":[0,0.292767,0],"rotation":[0,0,0],"scale":[1,1,1],"resource_id":"a0d93a69-1fa4-429b-a217-867ca77dfbf9","name":"RightFootRollCtrl_end","components":{},"parent":"e7a57795-0230-4eaf-b925-adb377216b15"},"8c9cac96-45bc-49d8-bc70-16ec8c51713f":{"enabled":true,"tags":[],"children":["e98b98a7-a97a-4c5b-a24a-234268b64612"],"position":[-0.617958,-0.586701,-0.0291982],"rotation":[-180,90,0],"scale":[1,1,1],"resource_id":"8c9cac96-45bc-49d8-bc70-16ec8c51713f","name":"RightKneeCtrl","components":{},"parent":"98471ae2-ad5a-43fb-b4a9-cbf72d31b45a"},"e98b98a7-a97a-4c5b-a24a-234268b64612":{"enabled":true,"tags":[],"children":[],"position":[0,0.336816,0],"rotation":[0,0,0],"scale":[1,1,1],"resource_id":"e98b98a7-a97a-4c5b-a24a-234268b64612","name":"RightKneeCtrl_end","components":{},"parent":"8c9cac96-45bc-49d8-bc70-16ec8c51713f"},"bf049c93-a25d-49fe-9808-df5e5b7135ab":{"enabled":true,"tags":[],"children":["cdf50fe4-18e9-4aea-adab-12674d81c98a"],"position":[-0.000223409,-0.0312403,1.56417],"rotation":[90,179.835,0.0106588],"scale":[1,1,1],"resource_id":"bf049c93-a25d-49fe-9808-df5e5b7135ab","name":"HipsCtrl","components":{},"parent":"0b990ae3-9e01-4590-aad3-9e0247d2bfa2"},"cdf50fe4-18e9-4aea-adab-12674d81c98a":{"enabled":true,"tags":[],"children":["d125485f-8a14-4673-867b-9b569fd14ed2","db51a5d0-82b1-4175-a670-6950b7c8e128","43cd7640-5a6d-4fc9-8a43-fac5e18112c1"],"position":[0.0004646,0.321951,-4.69114e-8],"rotation":[-0.0000151545,-0.0106587,179.835],"scale":[1,1,1],"resource_id":"cdf50fe4-18e9-4aea-adab-12674d81c98a","name":"Hips","components":{},"parent":"bf049c93-a25d-49fe-9808-df5e5b7135ab"},"d125485f-8a14-4673-867b-9b569fd14ed2":{"enabled":true,"tags":[],"children":["8e77ea93-c8df-491e-b090-a1d57ae1d3a5"],"position":[-5.04653e-12,0.321952,7.75562e-10],"rotation":[-6.99931,-0.0000012789,-0.00000111487],"scale":[1,1,1],"resource_id":"d125485f-8a14-4673-867b-9b569fd14ed2","name":"Spine","components":{},"parent":"cdf50fe4-18e9-4aea-adab-12674d81c98a"},"8e77ea93-c8df-491e-b090-a1d57ae1d3a5":{"enabled":true,"tags":[],"children":["44255023-7f0f-4b14-bc69-015a644e5041"],"position":[1.36245e-11,0.287049,2.56062e-8],"rotation":[1.36306,0.00000113071,0.00000127874],"scale":[1,1,1],"resource_id":"8e77ea93-c8df-491e-b090-a1d57ae1d3a5","name":"Chest","components":{},"parent":"d125485f-8a14-4673-867b-9b569fd14ed2"},"44255023-7f0f-4b14-bc69-015a644e5041":{"enabled":true,"tags":[],"children":["3eec05cf-60c1-44fc-8c8f-6bb25ab083fc","240c8bb5-f129-487d-b31c-4119c1433e2e","726fe8c8-7ada-47eb-9666-812ca10be8e2"],"position":[4.39977e-13,0.305277,-2.60774e-8],"rotation":[5.63626,-4.37054e-11,-4.32632e-12],"scale":[1,1,1],"resource_id":"44255023-7f0f-4b14-bc69-015a644e5041","name":"UpperChest","components":{},"parent":"8e77ea93-c8df-491e-b090-a1d57ae1d3a5"},"3eec05cf-60c1-44fc-8c8f-6bb25ab083fc":{"enabled":true,"tags":[],"children":["c8a603af-40d6-4427-8ed8-60e1462ef164"],"position":[2.29708e-12,0.270865,-4.2935e-9],"rotation":[8.78813,2.79327e-12,-4.16471e-10],"scale":[1,1,1],"resource_id":"3eec05cf-60c1-44fc-8c8f-6bb25ab083fc","name":"Neck","components":{},"parent":"44255023-7f0f-4b14-bc69-015a644e5041"},"c8a603af-40d6-4427-8ed8-60e1462ef164":{"enabled":true,"tags":[],"children":["f3b483f3-b515-4e88-ae3b-41179a9df299"],"position":[1.36966e-11,0.278009,-1.39695e-8],"rotation":[-8.50308,-2.96266e-12,-7.93244e-13],"scale":[1,1,1],"resource_id":"c8a603af-40d6-4427-8ed8-60e1462ef164","name":"Head","components":{},"parent":"3eec05cf-60c1-44fc-8c8f-6bb25ab083fc"},"f3b483f3-b515-4e88-ae3b-41179a9df299":{"enabled":true,"tags":[],"children":[],"position":[0,1.00441,0],"rotation":[0,0,0],"scale":[1,1,1],"resource_id":"f3b483f3-b515-4e88-ae3b-41179a9df299","name":"Head_end","components":{},"parent":"c8a603af-40d6-4427-8ed8-60e1462ef164"},"240c8bb5-f129-487d-b31c-4119c1433e2e":{"enabled":true,"tags":[],"children":["740c2d1e-d577-4e6a-9275-798f358d5ba4"],"position":[0.08828,0.281082,0.0649611],"rotation":[-114.894,-86.4405,8.04375],"scale":[1,1,1],"resource_id":"240c8bb5-f129-487d-b31c-4119c1433e2e","name":"LeftShoulder","components":{},"parent":"44255023-7f0f-4b14-bc69-015a644e5041"},"740c2d1e-d577-4e6a-9275-798f358d5ba4":{"enabled":true,"tags":[],"children":["3c913010-e2d8-41ee-9efc-db946c15b73e"],"position":[0,0.258801,-2.56958e-7],"rotation":[-83.1241,101.85,-84.9636],"scale":[1,0.999996,1.00001],"resource_id":"740c2d1e-d577-4e6a-9275-798f358d5ba4","name":"LeftArm","components":{},"parent":"240c8bb5-f129-487d-b31c-4119c1433e2e"},"3c913010-e2d8-41ee-9efc-db946c15b73e":{"enabled":true,"tags":[],"children":["ca29ae36-b102-4f7a-b5f0-aa7d61f7b3b7"],"position":[-2.99624e-7,0.470775,2.32831e-9],"rotation":[5.36944,1.41004,0.690957],"scale":[1,1,1],"resource_id":"3c913010-e2d8-41ee-9efc-db946c15b73e","name":"LeftForeArm","components":{},"parent":"740c2d1e-d577-4e6a-9275-798f358d5ba4"},"ca29ae36-b102-4f7a-b5f0-aa7d61f7b3b7":{"enabled":true,"tags":[],"children":["7f5df0be-9357-4d09-b753-6f04ae561228","46defe73-5154-477c-a178-03fb35f637f8"],"position":[-2.58908e-7,0.527228,-3.72529e-9],"rotation":[52.41,94.8811,52.8348],"scale":[1,1,1],"resource_id":"ca29ae36-b102-4f7a-b5f0-aa7d61f7b3b7","name":"LeftHand","components":{},"parent":"3c913010-e2d8-41ee-9efc-db946c15b73e"},"7f5df0be-9357-4d09-b753-6f04ae561228":{"enabled":true,"tags":[],"children":["5175ea48-1ba4-4b17-8794-d35e2ae77bce"],"position":[-4.65661e-9,0.1386,-1.87429e-7],"rotation":[6.5618,-8.87221,-0.492516],"scale":[1,1,1],"resource_id":"7f5df0be-9357-4d09-b753-6f04ae561228","name":"LeftHandIndex1","components":{},"parent":"ca29ae36-b102-4f7a-b5f0-aa7d61f7b3b7"},"5175ea48-1ba4-4b17-8794-d35e2ae77bce":{"enabled":true,"tags":[],"children":["7dd7dae4-fdbf-415a-9c26-1d87114a2260"],"position":[-1.11759e-8,0.112821,-7.31088e-8],"rotation":[9.3933,7.65475,0.556169],"scale":[1,1,1],"resource_id":"5175ea48-1ba4-4b17-8794-d35e2ae77bce","name":"LeftHandIndex2","components":{},"parent":"7f5df0be-9357-4d09-b753-6f04ae561228"},"7dd7dae4-fdbf-415a-9c26-1d87114a2260":{"enabled":true,"tags":[],"children":["a00d4e75-a602-47d3-8ef5-d17174774b72"],"position":[3.72529e-9,0.10213,-3.49013e-7],"rotation":[3.55152,-3.49985,-0.00620803],"scale":[1,1,1],"resource_id":"7dd7dae4-fdbf-415a-9c26-1d87114a2260","name":"LeftHandIndex3","components":{},"parent":"5175ea48-1ba4-4b17-8794-d35e2ae77bce"},"a00d4e75-a602-47d3-8ef5-d17174774b72":{"enabled":true,"tags":[],"children":[],"position":[0,0.130499,0],"rotation":[0,0,0],"scale":[1,1,1],"resource_id":"a00d4e75-a602-47d3-8ef5-d17174774b72","name":"LeftHandIndex3_end","components":{},"parent":"7dd7dae4-fdbf-415a-9c26-1d87114a2260"},"46defe73-5154-477c-a178-03fb35f637f8":{"enabled":true,"tags":[],"children":["52762aa2-63ba-442d-8aaf-b47e6cb7be79"],"position":[-0.0651483,0.050981,0.00244537],"rotation":[-83.9321,101.727,-16.2933],"scale":[1,1,1],"resource_id":"46defe73-5154-477c-a178-03fb35f637f8","name":"LeftHandThumb1","components":{},"parent":"ca29ae36-b102-4f7a-b5f0-aa7d61f7b3b7"},"52762aa2-63ba-442d-8aaf-b47e6cb7be79":{"enabled":true,"tags":[],"children":["7219a118-daf8-40cb-9318-65c119003ed3"],"position":[1.49012e-8,0.105868,-1.73226e-7],"rotation":[23.2148,-1.60528,0.130058],"scale":[1,1,1],"resource_id":"52762aa2-63ba-442d-8aaf-b47e6cb7be79","name":"LeftHandThumb2","components":{},"parent":"46defe73-5154-477c-a178-03fb35f637f8"},"7219a118-daf8-40cb-9318-65c119003ed3":{"enabled":true,"tags":[],"children":[],"position":[0,0.13226,0],"rotation":[0,0,0],"scale":[1,1,1],"resource_id":"7219a118-daf8-40cb-9318-65c119003ed3","name":"LeftHandThumb2_end","components":{},"parent":"52762aa2-63ba-442d-8aaf-b47e6cb7be79"},"726fe8c8-7ada-47eb-9666-812ca10be8e2":{"enabled":true,"tags":[],"children":["194ab2a1-cf1d-465a-aa17-4e5ffc9e2986"],"position":[-0.0882801,0.281082,0.0649611],"rotation":[8.38062,-112.73,99.1545],"scale":[1,1,1],"resource_id":"726fe8c8-7ada-47eb-9666-812ca10be8e2","name":"RightShoulder","components":{},"parent":"44255023-7f0f-4b14-bc69-015a644e5041"},"194ab2a1-cf1d-465a-aa17-4e5ffc9e2986":{"enabled":true,"tags":[],"children":["f1ce8a7b-3e80-4e49-a95c-7310f06e2cc3"],"position":[1.49012e-8,0.258801,-5.72763e-8],"rotation":[13.0664,-152.237,-3.13107],"scale":[1.00001,0.999996,1],"resource_id":"194ab2a1-cf1d-465a-aa17-4e5ffc9e2986","name":"RightArm","components":{},"parent":"726fe8c8-7ada-47eb-9666-812ca10be8e2"},"f1ce8a7b-3e80-4e49-a95c-7310f06e2cc3":{"enabled":true,"tags":[],"children":["fdeaa750-15ae-4c9c-8aa4-6f982b92c338"],"position":[-1.53668e-8,0.470775,2.452e-7],"rotation":[0.0582673,-0.549668,5.39581],"scale":[1,1,1],"resource_id":"f1ce8a7b-3e80-4e49-a95c-7310f06e2cc3","name":"RightForeArm","components":{},"parent":"194ab2a1-cf1d-465a-aa17-4e5ffc9e2986"},"fdeaa750-15ae-4c9c-8aa4-6f982b92c338":{"enabled":true,"tags":[],"children":["d98c81a6-da21-4d19-bc25-37a5e25c9740","f20c8210-b78b-4a03-95fa-1ae142d6bf0a"],"position":[7.45058e-9,0.527228,9.03383e-8],"rotation":[0.938371,0.0692035,-3.78604],"scale":[1,1,1],"resource_id":"fdeaa750-15ae-4c9c-8aa4-6f982b92c338","name":"RightHand","components":{},"parent":"f1ce8a7b-3e80-4e49-a95c-7310f06e2cc3"},"d98c81a6-da21-4d19-bc25-37a5e25c9740":{"enabled":true,"tags":[],"children":["f299747e-a367-4c88-8ba2-f4dcf661ca9d"],"position":[2.70084e-8,0.1386,-1.16415e-9],"rotation":[-6.56179,-8.87205,0.492514],"scale":[1,1,1],"resource_id":"d98c81a6-da21-4d19-bc25-37a5e25c9740","name":"RightHandIndex1","components":{},"parent":"fdeaa750-15ae-4c9c-8aa4-6f982b92c338"},"f299747e-a367-4c88-8ba2-f4dcf661ca9d":{"enabled":true,"tags":[],"children":["afc83abe-7cb3-4dad-8274-ec76441efc94"],"position":[2.04891e-8,0.112821,-8.40519e-8],"rotation":[-9.39317,7.65464,-0.556135],"scale":[1,1,1],"resource_id":"f299747e-a367-4c88-8ba2-f4dcf661ca9d","name":"RightHandIndex2","components":{},"parent":"d98c81a6-da21-4d19-bc25-37a5e25c9740"},"afc83abe-7cb3-4dad-8274-ec76441efc94":{"enabled":true,"tags":[],"children":["6218a63b-069f-4a12-a47c-f605da968a88"],"position":[1.49012e-8,0.102131,1.33645e-7],"rotation":[-3.55176,-3.49971,0.00620709],"scale":[1,1,1],"resource_id":"afc83abe-7cb3-4dad-8274-ec76441efc94","name":"RightHandIndex3","components":{},"parent":"f299747e-a367-4c88-8ba2-f4dcf661ca9d"},"6218a63b-069f-4a12-a47c-f605da968a88":{"enabled":true,"tags":[],"children":[],"position":[0,0.130499,0],"rotation":[0,0,0],"scale":[1,1,1],"resource_id":"6218a63b-069f-4a12-a47c-f605da968a88","name":"RightHandIndex3_end","components":{},"parent":"afc83abe-7cb3-4dad-8274-ec76441efc94"},"f20c8210-b78b-4a03-95fa-1ae142d6bf0a":{"enabled":true,"tags":[],"children":["0c3b548f-ce21-4959-9c9a-c0515712219f"],"position":[-0.0639192,0.0509812,-0.0128301],"rotation":[46.9522,-118.098,23.1221],"scale":[1,1,1],"resource_id":"f20c8210-b78b-4a03-95fa-1ae142d6bf0a","name":"RightHandThumb1","components":{},"parent":"fdeaa750-15ae-4c9c-8aa4-6f982b92c338"},"0c3b548f-ce21-4959-9c9a-c0515712219f":{"enabled":true,"tags":[],"children":["a7b46ba5-775c-49fd-90d8-b7920aa58580"],"position":[2.98023e-8,0.105868,-2.6077e-8],"rotation":[-22.1642,-1.48807,7.73101],"scale":[1,1,1],"resource_id":"0c3b548f-ce21-4959-9c9a-c0515712219f","name":"RightHandThumb2","components":{},"parent":"f20c8210-b78b-4a03-95fa-1ae142d6bf0a"},"a7b46ba5-775c-49fd-90d8-b7920aa58580":{"enabled":true,"tags":[],"children":[],"position":[0,0.13226,0],"rotation":[0,0,0],"scale":[1,1,1],"resource_id":"a7b46ba5-775c-49fd-90d8-b7920aa58580","name":"RightHandThumb2_end","components":{},"parent":"0c3b548f-ce21-4959-9c9a-c0515712219f"},"db51a5d0-82b1-4175-a670-6950b7c8e128":{"enabled":true,"tags":[],"children":["b61a3911-8ffa-4c4c-b960-8983308b8dc7"],"position":[0.201529,0.0584633,7.50921e-8],"rotation":[179.899,-18.7073,0.139827],"scale":[1.00005,1,1],"resource_id":"db51a5d0-82b1-4175-a670-6950b7c8e128","name":"LeftUpLeg","components":{},"parent":"cdf50fe4-18e9-4aea-adab-12674d81c98a"},"b61a3911-8ffa-4c4c-b960-8983308b8dc7":{"enabled":true,"tags":[],"children":["ea757aca-e2f3-4987-b950-c351e61a9e95"],"position":[1.49012e-8,0.526174,2.44472e-9],"rotation":[16.4703,2.81686,6.53224],"scale":[0.999999,0.999999,1],"resource_id":"b61a3911-8ffa-4c4c-b960-8983308b8dc7","name":"LeftLeg","components":{},"parent":"db51a5d0-82b1-4175-a670-6950b7c8e128"},"ea757aca-e2f3-4987-b950-c351e61a9e95":{"enabled":true,"tags":[],"children":["638f393e-f7b9-4bc3-ac56-bc0420b8534d"],"position":[-5.58794e-9,0.608811,1.86265e-8],"rotation":[-67.1712,-30.8351,-5.80537],"scale":[1.00002,0.999984,0.999996],"resource_id":"ea757aca-e2f3-4987-b950-c351e61a9e95","name":"LeftFoot","components":{},"parent":"b61a3911-8ffa-4c4c-b960-8983308b8dc7"},"638f393e-f7b9-4bc3-ac56-bc0420b8534d":{"enabled":true,"tags":[],"children":["37e4340a-952d-426f-b981-480c37774450"],"position":[-6.40284e-9,0.301254,-9.31323e-10],"rotation":[35.0087,173.938,4.29773],"scale":[1,1,1],"resource_id":"638f393e-f7b9-4bc3-ac56-bc0420b8534d","name":"LeftToes","components":{},"parent":"ea757aca-e2f3-4987-b950-c351e61a9e95"},"37e4340a-952d-426f-b981-480c37774450":{"enabled":true,"tags":[],"children":[],"position":[0,0.213236,0],"rotation":[0,0,0],"scale":[1,1,1],"resource_id":"37e4340a-952d-426f-b981-480c37774450","name":"LeftToes_end","components":{},"parent":"638f393e-f7b9-4bc3-ac56-bc0420b8534d"},"43cd7640-5a6d-4fc9-8a43-fac5e18112c1":{"enabled":true,"tags":[],"children":["decdb00e-59bb-463c-94ac-a027a357d442"],"position":[-0.201529,0.0584633,7.52094e-8],"rotation":[179.903,24.8444,-0.180724],"scale":[0.999987,0.999999,0.999999],"resource_id":"43cd7640-5a6d-4fc9-8a43-fac5e18112c1","name":"RightUpLeg","components":{},"parent":"cdf50fe4-18e9-4aea-adab-12674d81c98a"},"decdb00e-59bb-463c-94ac-a027a357d442":{"enabled":true,"tags":[],"children":["de874a9a-e7b7-4d40-a3e2-a9b026790072"],"position":[-6.98492e-9,0.526174,-4.83124e-9],"rotation":[15.8749,2.24649,-6.53845],"scale":[0.999999,1,1],"resource_id":"decdb00e-59bb-463c-94ac-a027a357d442","name":"RightLeg","components":{},"parent":"43cd7640-5a6d-4fc9-8a43-fac5e18112c1"},"de874a9a-e7b7-4d40-a3e2-a9b026790072":{"enabled":true,"tags":[],"children":["68546bf3-b37c-4157-bcbc-76d739d178ea"],"position":[-1.30385e-8,0.608812,-1.86265e-8],"rotation":[-69.4524,33.2334,1.29908],"scale":[0.999995,1,1],"resource_id":"de874a9a-e7b7-4d40-a3e2-a9b026790072","name":"RightFoot","components":{},"parent":"decdb00e-59bb-463c-94ac-a027a357d442"},"68546bf3-b37c-4157-bcbc-76d739d178ea":{"enabled":true,"tags":[],"children":["eab4935b-f99b-4d77-87a5-a53fbba819d1"],"position":[2.61934e-8,0.301254,-1.86265e-8],"rotation":[34.7126,-178.182,-3.96217],"scale":[1,1,1],"resource_id":"68546bf3-b37c-4157-bcbc-76d739d178ea","name":"RightToes","components":{},"parent":"de874a9a-e7b7-4d40-a3e2-a9b026790072"},"eab4935b-f99b-4d77-87a5-a53fbba819d1":{"enabled":true,"tags":[],"children":[],"position":[0,0.213236,0],"rotation":[0,0,0],"scale":[1,1,1],"resource_id":"eab4935b-f99b-4d77-87a5-a53fbba819d1","name":"RightToes_end","components":{},"parent":"68546bf3-b37c-4157-bcbc-76d739d178ea"},"564e0b16-bbe4-420e-b581-10653a63240a":{"enabled":true,"tags":[],"children":[],"position":[0,0,0],"rotation":[-90,0,0],"scale":[100,100,100],"resource_id":"564e0b16-bbe4-420e-b581-10653a63240a","name":"characterMedium","components":{"render":{"enabled":true,"type":"asset","asset":196833269,"materialAssets":[196833267],"layers":[0],"batchGroupId":null,"castShadows":true,"castShadowsLightmap":true,"receiveShadows":true,"lightmapped":false,"lightmapSizeMultiplier":1,"castShadowsLightMap":true,"lightMapped":false,"lightMapSizeMultiplier":1,"isStatic":false,"rootBone":"0b990ae3-9e01-4590-aad3-9e0247d2bfa2"}},"parent":"d3cb19c1-8945-4109-b6f5-1c4e0a530a09"}},"checkpoint_id":"b1d059b7-9f7b-4270-bd85-49f1fd507751","branch_id":"8e456567-fcd9-4bc2-b15a-50af19bae46d","id":2076189}